{"cameraMode":{"drawMode":0,"name":"Shaded","section":"Shading Mode"},"sceneLighting":true,"audioPlay":false,"sceneViewState":{"showFog":true,"showMaterialUpdate":false,"showSkybox":true,"showFlares":true,"showImageEffects":true,"showParticleSystems":true,"showVisualEffectGraphs":true,"m_FxEnabled":true},"in2DMode":false,"pivot":{"x":-33.124210357666019,"y":-8.172762870788575,"z":112.24332427978516},"rotation":{"x":-0.12547370791435243,"y":0.38814422488212588,"z":-0.05344771966338158,"w":-0.9114472270011902},"size":117.91705322265625,"orthographic":false}