{"cameraMode":{"drawMode":0,"name":"Shaded","section":"Shading Mode"},"sceneLighting":true,"audioPlay":false,"sceneViewState":{"showFog":true,"showMaterialUpdate":false,"showSkybox":true,"showFlares":true,"showImageEffects":true,"showParticleSystems":true,"showVisualEffectGraphs":true,"m_FxEnabled":true},"in2DMode":false,"pivot":{"x":0.36011385917663576,"y":5.652336120605469,"z":-6.748344421386719},"rotation":{"x":-0.2480807900428772,"y":-0.028482502326369287,"z":0.0072850510478019718,"w":-0.9682910442352295},"size":9.975201606750489,"orthographic":false}